{
  "debugMode": false,
  "elmType": "div",
  "attributes": {
      "class": "ms-bgColor-white"
  },
  "style": {
      "width": "99%",
      "border-top-width": "0px",
      "border-bottom-width": "1px",
      "border-left-width": "0px",
      "border-right-width": "0px",
      "border-style": "solid",
      "margin-bottom": "16px"
  },
  "children": [
      {
          "elmType": "div",
          "style": {
              "display": "flex",
              "box-sizing": "border-box",
              "align-items": "center"
          },
          "children": [
              {
                  "elmType": "div",
                  "attributes": {
                      "iconName": "Ticket",
                      "class": "ms-fontSize-42 ms-fontWeight-regular ms-fontColor-themePrimary",
                      "title": "Details"
                  },
                  "style": {
                      "flex": "none",
                      "padding": "0px",
                      "padding-left": "0px",
                      "height": "36px"
                  }
              }
          ]
      },
      {
          "elmType": "div",
          "attributes": {
              "class": "ms-fontColor-neutralSecondary ms-fontWeight-bold ms-fontSize-24"
          },
          "style": {
              "box-sizing": "border-box",
              "width": "100%",
              "text-align": "left",
              "padding": "21px 12px",
              "overflow": "hidden"
          },
          "children": [
              {
                  "elmType": "div",
                  "txtContent": "Abertura de Chamado"
              }
          ]
      }
  ]
}