{
    "debugMode": false,
    "elmType": "div",
    "style": {
        "width": "100%",
        "text-align": "left",
        "overflow": "hidden",
        "border-top-width": "1px"
    },
    "children": [
        {
            "elmType": "div",
            "style": {
                "width": "100%",
                "padding-top": "10px",
                "height": "24px"
            },
            "children": [
                {
                    "elmType": "a",
                    "txtContent": "Clique aqui para abrir seu chamado pelo nosso e-mail",
                    "attributes": {
                        "target": "_blank",
                        "href": "mailto:atendimento@suaempresa.com",
                        "class": "ms-fontColor-themePrimary ms-borderColor-themePrimary ms-fontWeight-semibold ms-fontSize-m ms-fontColor-neutralSecondary–hover ms-bgColor-themeLight–hover"
                    }
                }
            ]
        }
    ]
}