{
  "$schema": "https://developer.microsoft.com/json-schemas/sp/column-formatting.schema.json",
  "elmType": "div",
  "children": [
    {
      "elmType": "div",
      "style": {
        "width": "150px",
        "height": "110px"
      },
      "children": [
        {
          "elmType": "img",
          "attributes": {
            "src": "=@currentField"
          },
          "style": {
            "position": "relative",
            "top": "50%",
            "left": "50%",
            "width": "100%",
            "height": "auto",
            "margin-left": "-50%",
            "margin-top": "-50%"
          }
        }
      ]
    }
  ]
}